BERDO_ID,Property_Name,Address,Primary_Property_Type,Parcel_ID,Base_Year,GFA,Most_Recent_ENERGY_STAR_Score,Data_Years,EUIs,Goal_EUI,Percent_Reduction_EUI,Property_Type_Average,Possible_Savings,Scorecard_Format,EAA_Complete,Average_Energy_Star_Score,Energy_Star_Score_Year
9,Embassy Suites Boston Logan Airport,167 Cottage St,Hotel,104102000,2014,680514,36,"[2014, 2015, 2016, 2017, 2018]",[ 82.7  44.8  45.5  68.7 126.8],70.3,-53,95.44,3567.46,4,Yes,50,2018
23,PHS-MGH Institute of Health Professions,36 First Ave,Office,203504000,2014,64925,88,"[2014, 2015, 2016, 2017, 2018]",[73.8 72.5 69.6 74.4 77.4],62.73,-4,79.18,717.05,4,Yes,50,2018
24,PHS-MGH-CNY Bldg 199,199 Thirteenth St,Parking,203510100,2014,664937,Not Available,"[2014, 2015, 2016, 2017, 2018]",[4.8 3.8 3.4 3.5 3.7],4.08,22,11.0,480.8,1,Yes,50,2018
25,PHS-MGH-CNY Bldg. 149,31 Fifth Ave,Medical Office,203510451,2014,733715,21,"[2014, 2015, 2016, 2017, 2018]",[275.7 262.3 240.  244.4 249.4],234.34,9,175.96,30285.79,1,Yes,50,2018
47,Greater Boston Legal Services,32-38 Anthony Rip Valenti Way,Office,301592000,2014,50400,77,"[2014, 2015, 2016, 2017, 2018]",[55.1 56.7 51.  53.9 52.1],46.84,5,79.18,415.72,1,Yes,50,2018
52,90 Canal,90 Canal St,Office,301619000,2014,85199,35,"[2014, 2015, 2016, 2017, 2018]",[ 59.6  69.  112.8 118.6 126.1],50.66,-111,79.18,760.46,4,Yes,50,2018
61,North End Garage,600 Commercial St,Parking,301937000,2014,206277,Not Available,"[2014, 2015, 2016, 2017, 2018]",[4.2 4.2 3.4 3.1 3.5],3.57,16,11.0,129.47,2,Yes,50,2018
62,One Bowdoin Square,15 New Chardon St,Office,302621000,2014,169923,77,"[2014, 2015, 2016, 2017, 2018]",[72.5 72.1 65.9 66.  60.7],61.62,16,79.18,1563.34,1,Yes,50,2018
66,CO/GLC 6123006/6 BOWDOIN SQ/BOSTON/MA,65 Cambridge St,Office,302628000,2014,223538,3,"[2014, 2015, 2016, 2017, 2018]",[163.8 164.7 165.8 166.6 175.5],139.23,-7,79.18,5480.49,4,Yes,50,2018
67,One Congress Street,50 New Sudbury St,Office,302700000,2014,1335000,Not Available,"[2014, 2015, 2016, 2017, 2018]",[68.2 71.7 59.1 58.1 59.4],57.97,12,79.18,3017.97,2,Yes,50,2018
70,Center Plaza,1 Center Plz,Office,302713000,2014,1001232,83,"[2014, 2015, 2016, 2017, 2018]",[85.5 75.7 69.  63.6 69.9],72.68,18,79.18,9489.52,1,Yes,50,2018
71,One Beacon,1 Beacon St,Office,302720000,2014,1279675,63,"[2014, 2015, 2016, 2017, 2018]",[ 86.9 103.   98.2 102.1 112.3],73.87,-29,79.18,14778.56,4,Yes,50,2018
75,Faros 20 Ashburton LLC,20 Ashburton Pl,Office,302814000,2014,55000,86,"[2014, 2015, 2016, 2017, 2018]",[57.3 52.2 26.2 48.2 54.6],48.7,4,79.18,443.94,1,Yes,50,2018
76,40 Court Street,40 Court St,Office,302855000,2014,130000,52,"[2014, 2015, 2016, 2017, 2018]",[104.1 127.1  84.6 132.6  98.1],88.48,5,79.18,1643.59,1,Yes,50,2018
80,One Boston Place,1 Boston Pl,Office,302870000,2014,844203,53,"[2014, 2015, 2016, 2017, 2018]",[86.6 86.  80.6 87.8 94.6],73.61,-9,79.18,10937.99,4,Yes,50,2018
81,Pi Alley Garage,237 R Washington St,Mixed Use,302875000,2014,248000,Not Available,"[2014, 2015, 2016, 2017, 2018]",[331.5 322.  306.3 305.8 276.5],281.77,16,105.64,1141.31,2,Yes,50,2018
85,Independence Wharf,466-474 Atlantic Ave,Office,302956000,2014,442217,78,"[2014, 2015, 2016, 2017, 2018]",[55.7 72.3 66.3 59.7 57.4],47.34,-3,79.18,3455.14,4,Yes,50,2018
86,The Atlantic Building,390-400R Atlantic Ave,Office,302960000,2014,104690,81,"[2014, 2015, 2016, 2017, 2018]",[68.3 81.4 75.7 63.4 65.2],58.05,4,79.18,1070.93,1,Yes,50,2018
87,New England Aquarium,248 Atlantic Ave,Aquarium,302990000,2014,136000,Not Available,"[2014, 2015, 2016, 2017, 2018]",[179.9 181.7  76.8 181.3 181.5],152.92,0,181.5,3662.59,2,Yes,50,2018
90,33751-Boston Marriott Long Wharf,296 State St,Hotel,303020000,2014,350000,69,"[2014, 2015, 2016, 2017, 2018]",[87.3 84.9 82.5 86.  80.1],74.2,8,95.44,4575.65,1,Yes,50,2018
91,2 Atlantic,2 Atlantic Ave,Office,303030010,2014,128524,22,"[2014, 2015, 2016, 2017, 2018]",[145.8 147.4  88.8 101.7 138.8],123.93,4,79.18,1484.72,1,Yes,50,2018
95,"The Bostonian Boston, a Millennium Hotel",54-68 Blackstone St,Hotel,303365000,2014,204900,70,"[2014, 2015, 2016, 2017, 2018]",[98.9 87.  89.  83.5 85.4],84.06,13,95.44,3034.3,1,Yes,50,2018
100,84 State Street,10 Merchants Row,Office,303680000,2014,133208,79,"[2014, 2015, 2016, 2017, 2018]",[51.  55.6 51.2 49.7 42.9],43.35,15,79.18,1016.44,1,Yes,50,2018
101,60 State Street,60 State St,Office,303685000,2014,1034115,58,"[2014, 2015, 2016, 2017, 2018]",[88.4 79.7 79.2 75.1 76.1],75.14,13,79.18,12054.84,1,Yes,50,2018
102,28 State Street,28 State St,Office,303694000,2014,705676,73,"[2014, 2015, 2016, 2017, 2018]",[62.7 63.1 66.5 67.9 68.8],53.3,-9,79.18,6163.84,4,Yes,50,2018
104,Harborside Inn,82-84 Central St,Hotel,303808000,2014,62370,6,"[2014, 2015, 2016, 2017, 2018]",[110.1 126.8 127.  128.2 125.7],93.58,-14,95.44,1028.01,4,Yes,50,2018
106,40 Broad St.,36-44 Broad St,Office,303824000,2014,309915,83,"[2014, 2015, 2016, 2017, 2018]",[67.2 62.9 56.  58.2 56.1],57.12,16,79.18,2879.01,1,Yes,50,2018
107,One Liberty Square,1 Kilby Pl,Office,303833000,2014,173600,63,"[2014, 2015, 2016, 2017, 2018]",[48.3 49.7 45.6 45.  48.3],41.06,0,79.18,1254.86,1,Yes,50,2018
119,"50 Milk Street, LLC",50 Milk St,Office,303910000,2014,334559,79,"[2014, 2015, 2016, 2017, 2018]",[50.8 61.4 61.  65.4 67.4],43.18,-32,79.18,2212.04,4,Yes,50,2018
122,21 Custom House,19-21 Custom House St,Office,303988000,2014,135746,56,"[2014, 2015, 2016, 2017, 2018]",[92.9 84.6 70.7 73.8 78.8],78.96,15,79.18,1462.72,1,Yes,50,2018
123,20 Custom House,20 Custom House St,Office,303998000,2014,96032,41,"[2014, 2015, 2016, 2017, 2018]",[159.4 162.  141.2 134.9 119.3],135.49,25,79.18,2291.35,1,Yes,50,2018
124,260 Franklin Street,260 Franklin St,Office,304023000,2014,405650,71,"[2014, 2015, 2016, 2017, 2018]",[66.9 64.4 61.8 61.9 62.1],56.86,7,79.18,3731.11,1,Yes,50,2018
125,2 Oliver St.,2 Oliver St,Office,304026000,2014,233763,89,"[2014, 2015, 2016, 2017, 2018]",[46.6 50.1 42.3 40.2 38.8],39.61,16,79.18,1629.44,1,Yes,50,2018
128,265 Franklin Street,265 Franklin St,Office,304035000,2014,413355,76,"[2014, 2015, 2016, 2017, 2018]",[61.2 63.  58.  56.8 57. ],52.02,6,79.18,3498.5,1,Yes,50,2018
129,200 High Street,194-208 High St,Office,304044000,2014,96393,Not Available,"[2014, 2015, 2016, 2017, 2018]",[109.6 108.1 105.7  98.2 107.3],93.16,2,79.18,1581.73,1,Yes,50,2018
131,Two International Place,90 Oliver St,Office,304071000,2014,981195,62,"[2014, 2015, 2016, 2017, 2018]",[77.8 79.4 76.1 75.6 77. ],66.13,1,79.18,9910.31,1,Yes,50,2018
132,One International Place,55-93 Purchase St,Office,304075000,2014,1421211,56,"[2014, 2015, 2016, 2017, 2018]",[72.2 72.4 70.1 69.1 72.3],61.37,0,79.18,12651.32,1,Yes,50,2018
135,225 Franklin Street,209-245 Franklin St,Office,304134000,2014,1148905,70,"[2014, 2015, 2016, 2017, 2018]",[103.4 100.8  99.2  77.8  75.7],87.89,26,79.18,16749.81,1,Yes,50,2018
137,One Post Office Square,6-22 Pearl St,Office,304160000,2014,1024683,74,"[2014, 2015, 2016, 2017, 2018]",[69.7 71.8 66.3 70.  66.1],59.24,5,79.18,8671.53,1,Yes,50,2018
138,Garage at Post Office Square,130-158 Congress St,Other,304163000,2014,532700,Not Available,"[2014, 2015, 2016, 2017, 2018]",[57.8 60.  57.7 51.2 50.2],49.13,13,176.76,432.71,2,Yes,50,2018
141,75-101 Federal Street,101 Federal St,Office,304199000,2014,939341,69,"[2014, 2015, 2016, 2017, 2018]",[65.3 66.6 63.7 63.7 66.3],55.5,-1,79.18,8684.9,4,Yes,50,2018
148,SSFC,1 Lincoln St,Financial,304246010,2014,1341926,70,"[2014, 2015, 2016, 2017, 2018]",[122.  124.  118.9 115.8 111.3],103.7,8,69.1,19054.78,1,Yes,50,2018
149,125 Summer Street,125 Summer St,Office,304256000,2014,644403,72,"[2014, 2015, 2016, 2017, 2018]",[62.6 65.6 60.9 59.8 59.4],53.21,5,79.18,4619.77,1,Yes,50,2018
150,One Financial Center,655 Atlantic Ave,Office,304285000,2014,1376430,58,"[2014, 2015, 2016, 2017, 2018]",[56.4 52.8 57.8 62.3 62.2],47.94,-10,79.18,10079.43,4,Yes,50,2018
151,Two Financial Center,60 South St,Office,304300010,2014,355340,41,"[2014, 2015, 2016, 2017, 2018]",[73.6 78.9 70.9 73.  89.8],62.56,-22,79.18,3247.24,4,Yes,50,2018
152,695 Atlantic Ave,695 Atlantic Ave,Office,304302010,2014,187000,78,"[2014, 2015, 2016, 2017, 2018]",[95.2 88.5 80.2 74.5 69.9],80.92,26,79.18,2664.81,1,Yes,50,2018
153,Lincoln Plaza,89 South St,Office,304304400,2014,107432,85,"[2014, 2015, 2016, 2017, 2018]",[62.3  nan 57.3 58.4 55.8],52.96,10,79.18,1001.7,1,Yes,50,2018
158,99 High Street,99 High St,Office,304390000,2014,804264,79,"[2014, 2015, 2016, 2017, 2018]",[79.1 79.7 76.4 72.7 75.4],67.24,4,79.18,8662.83,1,Yes,50,2018
161,105-129 Kingston Street,2-24 Edinboro St,Office,304421000,2014,75500,Not Available,"[2014, 2015, 2016, 2017, 2018]",[72.5 74.7 64.3 66.  50.3],61.62,30,79.18,819.14,2,Yes,50,2018
163,CO/GLC 6112006/8 HARRISON AVE/BOSTON/MA,2-8 Harrison Ave,Office,304482000,2014,161486,13,"[2014, 2015, 2016, 2017, 2018]",[133.3 126.7 118.7 112.3 117.8],113.3,11,79.18,3223.64,1,Yes,50,2018
164,Washington Street Boston LP,588-622 Washington St,Office,304486000,2014,251464,70,"[2014, 2015, 2016, 2017, 2018]",[117.7 116.6  92.9  76.2  91.3],100.04,22,79.18,4432.37,1,Yes,50,2018
171,38 Chauncy Street,22-40 Chauncy St,Office,304557000,2014,141980,84,"[2014, 2015, 2016, 2017, 2018]",[60.2 64.1 72.2 39.9 46.2],51.17,23,79.18,1279.87,1,Yes,50,2018
172,55 Summer Street,449-463 Washington St #3F,Office,304560000,2014,141961,41,"[2014, 2015, 2016, 2017, 2018]",[115.  117.7  99.6 139.2 107.7],97.75,6,79.18,2219.28,1,Yes,50,2018
173,71-77 Summer,75-79 Summer St,Office,304562000,2014,62622,76,"[2014, 2015, 2016, 2017, 2018]",[71.3 54.9 57.9 50.5 64. ],60.6,10,79.18,668.76,1,Yes,50,2018
176,CBRE - 101 Arch St,38 Summer St,Office,304597000,2014,497149,57,"[2014, 2015, 2016, 2017, 2018]",[77.3 73.4 68.1 66.4 61.7],65.7,20,79.18,5483.88,1,Yes,50,2018
178,20 Winthrop Square/ 77-93 Franklin Street/80 Arch Street,20 Winthrop Sq,Office,304615000,2014,118000,Not Available,"[2014, 2015, 2016, 2017, 2018]",[73.9 77.5 73.5 79.4 79.3],62.82,-7,79.18,1304.59,4,Yes,50,2018
179,One Winthrop Square,1-5 Winthrop Sq,Office,304618000,2014,114257,71,"[2014, 2015, 2016, 2017, 2018]",[70.8 59.  63.2 67.3 64.3],60.18,9,79.18,1211.82,1,Yes,50,2018
180,350 Washington Street,350 Washington St,Retail Store,304630010,2014,200784,45,"[2014, 2015, 2016, 2017, 2018]",[94.5 89.8 85.5 66.9 58.9],80.32,37,59.08,2358.24,1,Yes,50,2018
182,70 Franklin Street,64-74 Franklin St,Office,304646000,2014,85072,46,"[2014, 2015, 2016, 2017, 2018]",[72.6 71.6 68.7 70.2 72.9],61.71,0,79.18,924.99,1,Yes,50,2018
183,45 Milk Street,45 Milk St,Office,304662000,2014,82925,79,"[2014, 2015, 2016, 2017, 2018]",[55.5 52.6 51.7 59.3 54.4],47.18,1,79.18,635.01,1,Yes,50,2018
188,50 Federal St.,50-60 Federal St,Office,304670000,2014,71880,Not Available,"[2014, 2015, 2016, 2017, 2018]",[117.3 117.8 105.6 100.9  88.3],99.7,24,79.18,1262.58,2,Yes,50,2018
189,30 Federal Street,30-36 Federal St,Office,304671000,2014,50000,77,"[2014, 2015, 2016, 2017, 2018]",[55.  55.4 47.4 43.2 45.7],46.75,16,79.18,411.89,1,Yes,50,2018
197,44 School Street LLC,42-52 School St,Office,304704000,2014,58921,98,"[2014, 2015, 2016, 2017, 2018]",[23.8 26.6 26.4 25.8 46.6],20.23,-95,79.18,210.17,4,Yes,50,2018
199,10-24 School Street,12 Province St,Office,304718000,2014,134789,85,"[2014, 2015, 2016, 2017, 2018]",[104.1  94.3  74.2  66.2  65.5],88.48,37,79.18,1756.34,1,Yes,50,2018
200,Washington Jewelers Building,4-16 Bromfield St,Office,304734000,2014,118094,Not Available,"[2014, 2015, 2016, 2017, 2018]",[ 92.2  92.5  84.3 186.3  67.1],78.37,27,79.18,1629.26,2,Yes,50,2018
201,The Corner Mall,413-425 Washington St,Office,304738000,2014,246887,65,"[2014, 2015, 2016, 2017, 2018]",[ 73.9 108.8 105.  101.4  81.6],62.82,-10,79.18,2731.23,4,Yes,50,2018
209,BOSTON OPERA HOUSE,537-541 Washington St,Performing Arts,304830000,2014,118781,Not Available,"[2014, 2015, 2016, 2017, 2018]",[123.4  99.3 107.   95.   76.7],104.89,37,76.7,2193.47,2,Yes,50,2018
211,26 West Street,26-30 West St,Office,304840000,2014,57593,92,"[2014, 2015, 2016, 2017, 2018]",[48.6 34.5 47.6 36.7 46.1],41.31,5,79.18,368.91,1,Yes,50,2018
218,Hostelling International - Boston,11-25 Stuart St,Hotel,304925000,2014,65000,29,"[2014, 2015, 2016, 2017, 2018]",[203.2 198.2 198.1 188.5 161.3],172.72,20,95.44,1976.94,1,Yes,50,2018
222,B002-PosnerHall,200 Harrison Ave,College/University,305081000,2014,61259,Not Available,"[2014, 2015, 2016, 2017, 2018]",[95.6 93.7 84.  84.8 85.6],81.26,10,123.87,876.44,1,Yes,50,2018
223,B008_Jaharis,150 Harrison Ave,College/University,305104000,2014,179165,Not Available,"[2014, 2015, 2016, 2017, 2018]",[361.4 387.8 361.4 154.5 340.3],307.19,5,123.87,9694.16,1,Yes,50,2018
228,B003-BRPH (M&V),57-61 Kneeland St,College/University,305254000,2014,231534,Not Available,"[2014, 2015, 2016, 2017, 2018]",[394.7 390.2 375.5 370.7 370. ],335.5,6,123.87,13680.87,1,Yes,50,2018
229,179 Lincoln Street,85-89 Beach St,Office,305332000,2014,253068,81,"[2014, 2015, 2016, 2017, 2018]",[64.3 63.2 56.6 55.  69.8],54.65,-8,79.18,2276.04,4,Yes,50,2018
230,186 Lincoln Street,182-192 Lincoln St,Office,305340010,2014,74160,80,"[2014, 2015, 2016, 2017, 2018]",[46.  50.6 43.5 48.5 49.3],39.1,-7,79.18,488.3,4,Yes,50,2018
231,201-207 South Street,195 201 SOUTH ST,Office,305348000,2014,85103,71,"[2014, 2015, 2016, 2017, 2018]",[55.2 65.6 46.1 77.  62.5],46.92,-13,79.18,872.94,4,Yes,50,2018
235,B011-Sackler,141-147 Harrison Ave,College/University,305371000,2014,136192,Not Available,"[2014, 2015, 2016, 2017, 2018]",[147.3 162.  136.  148.5 149.1],125.21,-1,123.87,3002.36,4,Yes,50,2018
246,170 Shawmut Ave,1075 Washington St,Manufacturing/Industrial Plant,306160000,2014,52224,Not Available,"[2014, 2015, 2016, 2017, 2018]",[40.4 40.8 46.  83.8 55.8],34.34,-38,145.79,315.94,4,Yes,50,2018
257,City Year,287-293 Columbus Ave,Office,400549000,2014,64540,79,"[2014, 2015, 2016, 2017, 2018]",[71.1 77.6 58.3 56.9 63.8],60.43,10,79.18,687.21,1,Yes,50,2018
260,The Colonnade Hotel,120-140 Huntington Ave,Hotel,400905000,2014,276439,82,"[2014, 2015, 2016, 2017, 2018]",[135.4 147.5 107.8 101.5  93.5],115.09,30,95.44,5604.98,1,Yes,50,2018
263,116 Huntington,116 HUNTINGTON AV,Office,401013010,2014,307473,78,"[2014, 2015, 2016, 2017, 2018]",[61.8 59.8 55.8 64.4 64.8],52.53,-4,79.18,2654.44,4,Yes,50,2018
272,Copley Square Hotel,47-51 Huntington Ave,Hotel,401056000,2014,95414,50,"[2014, 2015, 2016, 2017, 2018]",[ 63.9  98.5  96.6  93.7 101.5],54.32,-58,95.44,1623.58,4,Yes,50,2018
278,Five Hundred Boylston Street,500 Boylston St,Office,401092000,2014,1011962,78,"[2014, 2015, 2016, 2017, 2018]",[68.7 57.6 58.1 47.8 47.8],58.4,30,79.18,7658.83,1,Yes,50,2018
279,Two Twenty Two Berkeley,222 Berkeley St,Office,401096000,2014,756227,75,"[2014, 2015, 2016, 2017, 2018]",[53.4 53.8 57.7 49.1 47.5],45.39,11,79.18,4186.52,1,Yes,50,2018
290,CO/GLC 6130007/41 BELVIDERE ST/BOSTON/MA,29 Belvidere St,Office,401314000,2014,119288,1,"[2014, 2015, 2016, 2017, 2018]",[229.9 210.  213.7 220.3 208.5],195.42,9,79.18,4105.15,1,Yes,50,2018
293,150 Mass Ave,138 MASSACHUSETTS AV,College/University,401372001,2014,216000,Not Available,"[2014, 2015, 2016, 2017, 2018]",[121.5 112.5 105.2 106.1 108.1],103.28,11,123.87,3927.92,1,Yes,50,2018
300,1140 Boylston Street,1136-1138 Boylston St,College/University,401755000,2014,66920,Not Available,"[2014, 2015, 2016, 2017, 2018]",[135.7 103.4  79.4  57.7  88.8],115.34,34,123.87,1359.35,2,Yes,50,2018
309,PHS-BWH-Boston Lying In,221 Longwood Ave,Outpatient Rehabilitation/Physical Therapy,401845000,2014,247418,Not Available,"[2014, 2015, 2016, 2017, 2018]",[415.7 383.5 385.2 319.9 285.1],353.34,31,285.1,15396.17,2,Yes,50,2018
311,Merck MRL Boston,33 Avenue Louis Pasteur,Laboratory,401847020,2014,626593,Not Available,"[2014, 2015, 2016, 2017, 2018]",[394.  419.8 429.3 450.6 420.5],334.9,-6,260.72,23899.6,4,Yes,50,2018
319,Feldberg Garage,340 Brookline Ave,Parking,401862020,2014,159333,Not Available,"[2014, 2015, 2016, 2017, 2018]",[5.  4.7 4.7 4.6 4.9],4.25,1,11.0,118.5,2,Yes,50,2018
328,DFCI - Jimmy Fund Building,43 Binney St,Other,401898000,2014,101514,Not Available,"[2014, 2015, 2016, 2017, 2018]",[603.6 671.2 639.4 628.  526.1],513.06,12,176.76,9172.31,2,Yes,50,2018
330,DFCI - Yawkey Building,450-458 Brookline Ave,Other,401916000,2014,291451,3,"[2014, 2015, 2016, 2017, 2018]",[413.7 434.2 401.2 442.1 466.9],351.64,-12,176.76,18051.7,4,Yes,50,2018
331,DFCI - Smith Building,2 Binney St,Other,401919000,2014,455582,Not Available,"[2014, 2015, 2016, 2017, 2018]",[619.6 604.  547.2 494.1 584.8],526.66,5,176.76,30443.32,2,Yes,50,2018
332,Medical Area Total Energy Plant,474 Brookline Ave,Energy/Power Station,401930000,2014,259500,Not Available,"[2014, 2015, 2016, 2017, 2018]",[103.4 103.4 103.4 102.9 102.9],87.89,0,102.9,4014.95,2,Yes,50,2018
338,Boston Children's Hospital,1 Autumn St,Specialty Hospital,401990000,2014,2631722,Not Available,"[2014, 2015, 2016, 2017, 2018]",[473.6 475.6 484.  493.7 381. ],402.56,19,253.32,160552.43,2,Yes,50,2018
355,Walker Building,110 BOYLSTON ST,College/University,500043011,2014,176296,Not Available,"[2014, 2015, 2016, 2017, 2018]",[ 89.2   nan  79.7   nan 107.1],75.82,-20,123.87,2353.74,4,Yes,50,2018
356,CY Boston Downtown - 311nh,271-279 Tremont St,Hotel,500065000,2014,375000,21,"[2014, 2015, 2016, 2017, 2018]",[ 61.9 107.9 104.4 112.2 124.7],52.61,-101,95.44,3473.8,4,Yes,50,2018
358,Revere Hotel,196-210 Stuart St,Hotel,500135000,2014,660000,2,"[2014, 2015, 2016, 2017, 2018]",[152.4  94.9 100.4  87.8 176.9],129.54,-16,95.44,4651.01,4,Yes,50,2018
360,120 Herald Street,120 Herald St,Other,500515000,2014,231360,Not Available,"[2014, 2015, 2016, 2017, 2018]",[2.  1.9 1.8 1.6 1.5],1.7,25,176.76,34.85,2,Yes,50,2018
367,175 Berkeley St. (0001),30 Saint James Ave,Office,501153000,2014,522349,78,"[2014, 2015, 2016, 2017, 2018]",[82.9 76.5 74.1 70.3 65.3],70.46,21,79.18,6478.62,1,Yes,50,2018
368,Park Square Building,1-59 Saint James Ave,Mixed Use,501156000,2014,507664,66,"[2014, 2015, 2016, 2017, 2018]",[60.  61.5 55.4 54.8 92.6],51.0,-54,105.64,4490.01,4,Yes,50,2018
369,420 Boylston Street aka 414-426 Boylston Street && 211 Berkeley Street,211-217 Berkeley St,Office,501157000,2014,128641,76,"[2014, 2015, 2016, 2017, 2018]",[59.4 56.2 52.  54.4 56.9],50.49,4,79.18,1143.82,1,Yes,50,2018
370,Arlington Boylston,330-334 Boylston St,Office,501169000,2014,63054,75,"[2014, 2015, 2016, 2017, 2018]",[116.9  93.7  98.4  83.8  70.1],99.36,40,79.18,1103.84,1,Yes,50,2018
376,126 Newbury St,120-126 Newbury St,Retail Store,501320000,2014,49896,90,"[2014, 2015, 2016, 2017, 2018]",[17.9 14.2 24.8 30.8 34. ],15.21,-89,59.08,133.75,4,Yes,50,2018
377,137 Newbury Street,137-141A Newbury St,Office,501339000,2014,57986,60,"[2014, 2015, 2016, 2017, 2018]",[78.2 81.8 85.1 77.  70.1],66.47,10,79.18,593.9,1,Yes,50,2018
379,Old South Church in Boston,625 Boylston St,Worship Facility,501387000,2014,54860,Not Available,"[2014, 2015, 2016, 2017, 2018]",[32.5 65.6 52.4 59.5 67.6],27.62,-107,61.8,266.55,4,Yes,50,2018
380,699 Boylston St,1 Exeter Plz,Office,501397000,2014,211351,69,"[2014, 2015, 2016, 2017, 2018]",[59.2 50.4 50.8 59.4 51.9],50.32,12,79.18,1872.43,1,Yes,50,2018
383,855 Boylston Street-Gateway Longwood,855 Boylston St,Office,503134000,2014,170775,77,"[2014, 2015, 2016, 2017, 2018]",[64.3 63.4 59.1 55.5 51.3],54.65,20,79.18,1498.91,1,Yes,50,2018
387,512 Beacon Street,512 Beacon St,Residence Hall,503696000,2014,70768,77,"[2014, 2015, 2016, 2017, 2018]",[88.8 93.5 80.  84.8 83.7],75.48,5,96.46,940.24,1,Yes,50,2018
396,140 Bay State Road,136-148 Bay State Rd,Residence Hall,504003000,2014,128887,59,"[2014, 2015, 2016, 2017, 2018]",[ 89.3 105.   83.4  87.2  90.8],75.9,-1,96.46,1722.06,4,Yes,50,2018
397,100 Bay State Road,100 Bay State Rd,Office,504028000,2014,123678,Not Available,"[2014, 2015, 2016, 2017, 2018]",[163.6 177.5 153.7 145.2 142.2],139.06,13,79.18,3028.2,2,Yes,50,2018
398,605-615 Commonwealth Avenue (2 Silber Way),609-615 Commonwealth Ave,College/University,504081000,2014,85000,Not Available,"[2014, 2015, 2016, 2017, 2018]",[ 92.5 100.4  95.4  92.6 104.8],78.62,-13,123.87,1177.59,4,Yes,50,2018
400,582-596 Commonwealth Avenue (590 Comm / 712 Bea),594-596 Commonwealth Ave,Laboratory,504135010,2014,280838,Not Available,"[2014, 2015, 2016, 2017, 2018]",[360.4 351.9 321.5 308.2 294.5],306.34,18,260.72,15151.58,2,Yes,50,2018
401,580 Commonwealth Avenue,580 Commonwealth Ave Unit 10,Multifamily Housing,504140000,2014,126333,6,"[2014, 2015, 2016, 2017, 2018]",[ 96.1 130.   90.8  94.2  77.2],81.68,19,89.81,1818.01,1,Yes,50,2018
406,1295 Boylston - Ste# 535088,1295-1299 Boylston St,Office,504210010,2014,176775,13,"[2014, 2015, 2016, 2017, 2018]",[159.3 177.2 180.  169.3 159.7],135.4,0,79.18,3118.66,1,Yes,50,2018
415,253 Summer/27 Melcher,29-37 Melcher St,Office,601164005,2014,216012,60,"[2014, 2015, 2016, 2017, 2018]",[75.  64.3 64.9 60.8 82.8],63.75,-10,79.18,2426.25,4,Yes,50,2018
434,51 Sleeper Street,51 Sleeper St,Office,602670000,2014,193662,82,"[2014, 2015, 2016, 2017, 2018]",[64.4 58.6 50.7 35.2 40. ],54.74,37,79.18,1448.56,1,Yes,50,2018
435,ONE Marina Park Drive,1-5 Marina Park Dr,Office,602671035,2014,668287,20,"[2014, 2015, 2016, 2017, 2018]",[ 65.4  64.6  35.4  63.7 113.3],55.59,-73,79.18,5206.86,4,Yes,50,2018
436,Institute of Contemporary Art Boston,NORTHERN AV,Museum,602671042,2014,65000,Not Available,"[2014, 2015, 2016, 2017, 2018]",[224.5 233.2 232.5 193.3 190.3],190.82,15,173.58,2117.09,1,Yes,50,2018
440,Jamestown - 1 Design Center Boston,1 Design Center Pl Ste 101,Office,602674012,2014,556340,87,"[2014, 2015, 2016, 2017, 2018]",[75.5 76.5 61.5 62.3 59.6],64.18,21,79.18,5599.27,1,Yes,50,2018
441,Jamestown - 21-25 Drydock Ave Boston,21-23 Dry Dock Ave,Office,602674013,2014,746766,40,"[2014, 2015, 2016, 2017, 2018]",[56.5 83.  76.9 67.2 87.1],48.02,-54,79.18,6064.32,4,Yes,50,2018
448,313 Congress Street,313 Congress St,Office,602692000,2014,72912,71,"[2014, 2015, 2016, 2017, 2018]",[52.5 53.4 51.6 50.3 63.3],44.62,-20,79.18,573.22,4,Yes,50,2018
449,343 Congress,343 Congress St,Office,602694000,2014,113555,17,"[2014, 2015, 2016, 2017, 2018]",[130.    nan 177.7 105.8 120.1],110.5,7,79.18,2070.01,1,Yes,50,2018
450,347 Congress Street,347-351 Congress St,Office,602695000,2014,91520,63,"[2014, 2015, 2016, 2017, 2018]",[84.6 89.1 79.3 80.8 95.2],71.91,-12,79.18,1158.51,4,Yes,50,2018
451,280 Summer Street,286-290 Summer St,Office,602697000,2014,138350,Not Available,"[2014, 2015, 2016, 2017, 2018]",[82.  53.8 63.7 70.8 55.4],69.7,32,79.18,1698.59,2,Yes,50,2018
456,250 Summer Street,254 Summer St,Office,602701002,2014,104728,84,"[2014, 2015, 2016, 2017, 2018]",[59.9 62.  56.4 48.1 47.2],50.92,21,79.18,897.57,1,Yes,50,2018
462,Tower Point,33-37 Wormwood St,Office,602754010,2014,179123,36,"[2014, 2015, 2016, 2017, 2018]",[ 78.1  84.7 114.3  12.9  82.8],66.38,-6,79.18,1806.0,4,Yes,50,2018
465,311 Summer St,323-329 A St,Office,602763010,2014,57865,58,"[2014, 2015, 2016, 2017, 2018]",[88.8 88.9 55.8 72.6 73.8],75.48,16,79.18,769.35,1,Yes,50,2018
470,Comcast Building,426 E First St,Non-Refrigerated Warehouse,602818000,2014,204681,Not Available,"[2014, 2015, 2016, 2017, 2018]",[68.5 68.  60.9 69.2 70.6],58.22,-3,28.92,820.74,4,Yes,50,2018
472,Federal Express Building,771-779 Summer St,Distribution Center,603405000,2014,97000,60,"[2014, 2015, 2016, 2017, 2018]",[105.9  95.   78.2  74.1  87.7],90.02,17,64.55,1537.75,1,Yes,50,2018
481,045 - Holiday Inn Express Dorchester,69R Boston St,Hotel,703436000,2014,64000,41,"[2014, 2015, 2016, 2017, 2018]",[150.7 156.1   nan 110.2 117.6],128.1,21,95.44,1309.32,1,Yes,50,2018
482,046-Courtyard - Boston,63R Boston St,Hotel,703436001,2014,110000,78,"[2014, 2015, 2016, 2017, 2018]",[78.4 77.1  nan 69.2 67.4],66.64,14,95.44,1165.07,1,Yes,50,2018
486,#2679 South Bay/Boston,5 Allstate Rd,Retail Store,703501080,2014,393978,71,"[2014, 2015, 2016, 2017, 2018]",[63.8 70.7 59.5 69.6 69.6],54.23,-9,59.08,1260.29,4,Yes,50,2018
505,1-63 Foodmart Road,1-63 Foodmart Rd,Manufacturing/Industrial Plant,801024010,2014,176566,Not Available,"[2014, 2015, 2016, 2017, 2018]",[167.8 159.7 158.4 147.7 152.9],142.63,8,145.79,4436.28,1,Yes,50,2018
532,815 Albany Street,815 Albany St,Multifamily Housing,802041010,2014,102283,27,"[2014, 2015, 2016, 2017, 2018]",[64.6 97.5 77.2 70.8 74.9],54.91,-15,89.81,989.51,4,Yes,50,2018
539,Columbus Place,716 Columbus Ave,College/University,901417000,2014,124192,Not Available,"[2014, 2015, 2016, 2017, 2018]",[94.1 93.1 94.  96.4 94.6],79.98,0,123.87,1749.89,2,Yes,50,2018
540,Davenport Commons A,700 Columbus Ave,College/University,901434010,2014,122719,Not Available,"[2014, 2015, 2016, 2017, 2018]",[72.7 80.8 60.7 72.7 75. ],61.8,-3,123.87,1336.12,4,Yes,50,2018
542,Renaissance Park,1125-1135 Tremont St,Office,902704020,2014,157421,99,"[2014, 2015, 2016, 2017, 2018]",[ 94.   84.7 108.1 108.9 107.4],79.9,-14,79.18,2214.72,4,Yes,50,2018
543,International Village,1155 Tremont St,College/University,902704040,2014,495301,Not Available,"[2014, 2015, 2016, 2017, 2018]",[89.3 81.2 78.  76.  64.6],75.9,27,123.87,6621.21,2,Yes,50,2018
546,662 Huntington Ave-collegeUniversity,662 Huntington Ave,College/University,1000150000,2014,51729,Not Available,"[2014, 2015, 2016, 2017, 2018]",[150.7 160.7 145.8 135.6 160.3],128.1,-6,123.87,1166.76,4,Yes,50,2018
547,PHS-BWH-ServiCenter Garage,500 Brookline Ave,Mixed Use,1000240000,2014,291008,Not Available,"[2014, 2015, 2016, 2017, 2018]",[220.3 225.1 248.2 184.4 219. ],187.26,0,105.64,2368.03,2,Yes,50,2018
549,PHS-BWH Shapiro Cardiovascular Center & BTM,60 FENWOOD RD,Hospital,1000247010,2014,865000,1,"[2014, 2015, 2016, 2017, 2018]",[380.6 418.2 475.3 492.7 524.1],323.51,-37,265.98,24782.39,4,Yes,50,2018
556,Judge Baker Children's Center,49-53 Parker Hill Ave,Other - Education,1001439001,2014,72000,Not Available,"[2014, 2015, 2016, 2017, 2018]",[ 90.1  96.1  96.2  92.5 111.7],76.58,-23,94.6,971.07,4,Yes,50,2018
560,MSPCA/Angell,29 Perkins St,Specialty Hospital,1002199000,2014,169972,Not Available,"[2014, 2015, 2016, 2017, 2018]",[171.9 183.9 149.5 143.4 140.6],146.12,18,253.32,4374.83,2,Yes,50,2018
563,Warehouse,76 Atherton St,College/University,1101222000,2014,140197,Not Available,"[2014, 2015, 2016, 2017, 2018]",[45.2 46.1 46.1 41.8 47.3],38.42,-4,123.87,948.98,4,Yes,50,2018
568,CO/GLC 6140006/26 WAVERLY ST/ROXBURY/MA,26 Waverly St,Office,1200357000,2014,107953,20,"[2014, 2015, 2016, 2017, 2018]",[ 99.8  98.8  95.4 102.8 102.7],84.83,-2,79.18,1612.59,4,Yes,50,2018
583,CO/GLC 6150006/175 ADAMS ST/DORCESTER/MA,175 Adams St,Office,1501583000,2014,104335,11,"[2014, 2015, 2016, 2017, 2018]",[136.7 131.9 122.8 114.3 123.4],116.2,9,79.18,2134.4,1,Yes,50,2018
586,Work Inc,179-195 Freeport St,Office,1600011000,2014,130000,80,"[2014, 2015, 2016, 2017, 2018]",[47.5 46.4 45.  44.4 44.4],40.38,6,79.18,923.47,1,Yes,50,2018
593,Comfort Inn Boston,900 William T Morrissey Blvd,Hotel,1602553000,2014,47094,51,"[2014, 2015, 2016, 2017, 2018]",[75.2 69.5 72.3 71.  58.8],63.92,21,95.44,530.23,1,Yes,50,2018
594,Ramada Boston,800 William T Morrissey Blvd,Hotel,1602588000,2014,59200,9,"[2014, 2015, 2016, 2017, 2018]",[116.3 109.6 102.8 101.2  91.4],98.85,21,95.44,1030.37,1,Yes,50,2018
621,PHS-Faulkner Hospital,1137-1153 Centre St,Hospital,1902598000,2014,494179,49,"[2014, 2015, 2016, 2017, 2018]",[228.9   nan   nan 380.7 335.5],194.56,-46,265.98,16930.87,4,Yes,50,2018
629,PHS-Faulkner - West Roxbury,1245 Centre St,Hospital,2003599000,2014,71242,100,"[2014, 2015, 2016, 2017, 2018]",[141.8 127.8  62.2  36.8  30. ],120.53,78,265.98,1066.78,1,Yes,50,2018
636,#2665 - West Roxbury,1213 VFW Pkwy,Retail Store,2009216400,2014,352849,51,"[2014, 2015, 2016, 2017, 2018]",[83.5 93.  77.  73.5 86.8],70.97,-3,59.08,1285.98,4,Yes,50,2018
639,Shattuck Intâ€™l House,199-207 Park Dr,Multifamily Housing,2100005010,2014,60077,93,"[2014, 2015, 2016, 2017, 2018]",[64.8 63.  57.3 57.3 59.9],55.08,7,89.81,582.79,1,Yes,50,2018
640,BIDMC Research North,95 Brookline Ave,Laboratory,2100067000,2014,114681,Not Available,"[2014, 2015, 2016, 2017, 2018]",[322.4 370.8 355.8 246.4 215.8],274.04,33,260.72,5535.11,2,Yes,50,2018
643,Landmark Center,155-201 Brookline Ave,Office,2100077000,2014,1003987,65,"[2014, 2015, 2016, 2017, 2018]",[104.1  85.7  74.5  76.1  75.7],88.48,27,79.18,15642.79,1,Yes,50,2018
644,10-18 Buswell Street,14 Buswell St,Multifamily Housing,2100201000,2014,66456,51,"[2014, 2015, 2016, 2017, 2018]",[192.5 226.9 130.7  71.2  88.9],163.62,53,89.81,1915.38,1,Yes,50,2018
645,6-8 St. Mary's Street,6-8 Saint Mary's St,Laboratory,2100273000,2014,289059,Not Available,"[2014, 2015, 2016, 2017, 2018]",[279.6 280.5 219.1 189.6 213.7],237.66,23,260.72,12098.95,2,Yes,50,2018
646,64-86 Cummington Street,64-70 Cummington Mall,College/University,2100281000,2014,49163,Not Available,"[2014, 2015, 2016, 2017, 2018]",[44.4 51.  35.4 42.2 51.6],37.74,-16,123.87,327.07,4,Yes,50,2018
647,111 Cummington Street (664-666 Comm. Ave),48-52 Cummington Mall,College/University,2100282000,2014,93831,Not Available,"[2014, 2015, 2016, 2017, 2018]",[131.7 327.  315.1 195.7 190.7],111.94,-44,123.87,1850.25,4,Yes,50,2018
648,20-28 Cummington Street (24 Cummington St),24 Cummington Mall,Laboratory,2100288000,2014,188575,Not Available,"[2014, 2015, 2016, 2017, 2018]",[323.1 365.5 386.6 342.2 323.5],274.64,0,260.72,9121.49,2,Yes,50,2018
649,2 Cummington Street (23-25 Blandford Street),2 Cummington Mall,Laboratory,2100295000,2014,61754,Not Available,"[2014, 2015, 2016, 2017, 2018]",[155.9 154.7 134.7 146.1 127.9],132.52,17,260.72,1441.19,2,Yes,50,2018
650,700 Commonwealth Avenue,700 COMMONWEALTH AV,Residence Hall,2100347001,2014,636611,6,"[2014, 2015, 2016, 2017, 2018]",[217.3  83.3  86.3 184.6 194.1],184.7,10,96.46,13822.36,1,Yes,50,2018
655,785 Commonwealth Avenue (1 University Road),785-795 Commonwealth Ave,College/University,2100392000,2014,77750,70,"[2014, 2015, 2016, 2017, 2018]",[141.3 145.1 132.5 104.5 122.6],120.1,13,123.87,1158.33,1,Yes,50,2018
657,871 Commonwealth Avenue,871 Commonwealth Ave,College/University,2100398000,2014,95968,Not Available,"[2014, 2015, 2016, 2017, 2018]",[ 99.7 155.7 174.9 167.4 150.3],84.74,-50,123.87,1432.88,4,Yes,50,2018
678,"HTA - St. Elizabeth's MOB 1, LLC",11 Nevins Street,Medical Office,2101835200,2014,50676,56,"[2014, 2015, 2016, 2017, 2018]",[53.6 54.9 46.2  nan 71.3],45.56,-33,175.96,406.52,4,Yes,50,2018
682,BC Stayer Hall,110 Saint Thomas More Rd,Multifamily Housing,2102473001,2014,104672,63,"[2014, 2015, 2016, 2017, 2018]",[72.1 66.9 67.2 70.1 61. ],61.28,15,89.81,1125.53,1,Yes,50,2018
683,Doubletree Suites,400 Soldiers Field Rd,Hotel,2200102000,2014,333000,97,"[2014, 2015, 2016, 2017, 2018]",[71.2 68.6 59.6 60.4 45.6],60.52,35,95.44,2602.04,1,Yes,50,2018
697,Teele Hall,230 Western Ave,Office,2201058010,2014,52688,67,"[2014, 2015, 2016, 2017, 2018]",[65.2 67.8 60.5 60.3 64.4],55.42,1,79.18,514.23,1,Yes,50,2018
703,SS Brighton MA LLC,145 N Beacon St,Self-Storage Facility,2201904000,2014,128855,Not Available,"[2014, 2015, 2016, 2017, 2018]",[16.9 17.4 13.9 13.4 13.2],14.36,21,22.05,325.19,2,Yes,50,2018
710,BC Cadigan Offices,2121 Commonwealth Avenue,Office,2205268030,2014,68729,92,"[2014, 2015, 2016, 2017, 2018]",[58.6 50.6 47.8 47.6 44.6],49.81,23,79.18,603.1,1,Yes,50,2018
716,Atlantic Wharf,280 -294 CONGRESS ST,Office,302952018,2014,1185523,74,"[2014, 2015, 2016, 2017, 2018]",[72.5 79.2 77.3 80.3 83.6],61.62,-15,79.18,9129.34,4,Yes,50,2018
717,2-22 Foodmart Road,2 Foodmart Rd,Manufacturing/Industrial Plant,801024020,2014,210887,Not Available,"[2014, 2015, 2016, 2017, 2018]",[187.8 191.  194.5 181.2 183.4],159.63,2,145.79,3128.18,1,Yes,50,2018
718,549 Albany Street - 535139,549 ALBANY ST,Laboratory,801154010,2014,168012,Not Available,"[2014, 2015, 2016, 2017, 2018]",[222.6 219.1 194.3 202.7 198.9],189.21,10,260.72,3514.5,2,Yes,50,2018
722,PHS-MGH-Simches,185 Cambridge St,Medical Office,300660016,2014,353535,25,"[2014, 2015, 2016, 2017, 2018]",[289.3 352.  341.  344.5 348.9],245.9,-20,175.96,15308.95,4,Yes,50,2018
723,Rowes Wharf,10 Rowes Whf #801,Office,302961000,2014,1147728,65,"[2014, 2015, 2016, 2017, 2018]",[113.2 110.4  96.5  99.7 104.6],96.22,7,79.18,13922.95,1,Yes,50,2018
727,50 Post Office Square (EPL),185 Franklin St,Office,304176000,2014,849666,83,"[2014, 2015, 2016, 2017, 2018]",[63.9 63.2 49.3 45.1 46.2],54.32,27,79.18,6240.41,1,Yes,50,2018
728,The Landmark,160 Federal St,Office,304406000,2014,398650,83,"[2014, 2015, 2016, 2017, 2018]",[49.1 46.  46.4 45.4 45.9],41.74,6,79.18,2603.57,1,Yes,50,2018
732,Congregational House,14 Beacon St,Office,304692000,2014,88203,88,"[2014, 2015, 2016, 2017, 2018]",[99.3 66.4 51.4 27.9 51.2],84.4,48,79.18,1068.84,1,Yes,50,2018
737,BMR-Blackfan Circle LLC,3 Blackfan Cir,Laboratory,401853020,2014,1072369,Not Available,"[2014, 2015, 2016, 2017, 2018]",[469.  459.8 435.5 437.9 447. ],398.65,4,260.72,53454.17,2,Yes,50,2018
753,140 Clarendon,410 Stuart St,Mixed Use,401085000,2014,193965,Not Available,"[2014, 2015, 2016, 2017, 2018]",[114.3 119.7 110.   72.5  81.3],97.16,28,105.64,2507.8,2,Yes,50,2018
754,Longwood Galleria,396-410 Brookline Ave,Mixed Use,401914000,2014,295857,Not Available,"[2014, 2015, 2016, 2017, 2018]",[154.4 147.3 127.8 137.9 135. ],131.24,12,105.64,6766.37,2,Yes,50,2018
2009,100 Clarendon Street Garage,165 DARTMOUTH ST,Other,401082001,2014,843168,Not Available,"[2014, 2015, 2016, 2017, 2018]",[21.1 20.7 19.2 18.2 18.1],17.94,14,176.76,2664.71,2,Yes,50,2018
7,Suffolk Downs,111 Waldemar Ave,Other - Entertainment/Public Assembly,102524000,2014,2242755,Not Available,"[2014, 2015, 2016, 2017, 2018]",[64.  64.6 48.9 54.1 61.2],54.4,4,61.2,4484.11,1,No,50,2018
11,425 Medford Street,395-441 Medford St,Distribution Center,201799000,2014,464853,75,"[2014, 2015, 2016, 2017, 2018]",[30.8 13.9 13.3 28.6 30.1],26.18,2,64.55,861.16,1,No,50,2018
13,Schraffts Center,529-543 Main St,Office,201829000,2014,924154,82,"[2014, 2015, 2016, 2017, 2018]",[62.2 60.1 55.4 55.  61.7],52.87,0,79.18,5675.2,1,No,50,2018
41,Wyndham Boston Beacon Hill,5 Blossom St,Hotel,300660002,2014,224602,84,"[2014, 2015, 2016, 2017, 2018]",[72.8 73.6 70.5 72.8 75.4],61.88,-3,95.44,2446.53,4,No,50,2018
43,251 Causeway - Ste# 700490,251 Causeway St,Office,301510000,2014,150097,76,"[2014, 2015, 2016, 2017, 2018]",[59.4 64.  60.5 62.  58.1],50.49,2,79.18,1333.73,1,No,50,2018
44,100 North Washington Street,100 N Washington St,Office,301512000,2014,63848.0,7,"[2014, 2015, 2016, 2017, 2018]",[ 47.3  39.    nan   nan 121.2],40.2,-156,79.18,395.76,4,No,50,2018
51,Bay Cove Human Services,157-159 Friend St,Office,301612000,2014,54893,84,"[2014, 2015, 2016, 2017, 2018]",[61.2 53.3 49.9  nan 51.5],52.02,15,79.18,502.77,1,No,50,2018
53,Onyx Hotel,155 Portland St,Hotel,301646010,2014,65605,53,"[2014, 2015, 2016, 2017, 2018]",[112.  101.1   nan   nan 106.6],95.2,4,95.44,1007.84,1,No,50,2018
54,205 Portland Street,203-207 Portland St,Mixed Use,301651000,2014,48869,Not Available,"[2014, 2015, 2016, 2017, 2018]",[25.2 29.1  8.4 12.3 27.3],21.42,-8,105.64,179.03,4,No,50,2018
58,101 Merrimac Street,101 Merrimac St,Office,301675000,2014,171532,68,"[2014, 2015, 2016, 2017, 2018]",[74.8 72.6 69.7 66.4 69.9],63.58,6,79.18,1724.13,1,No,50,2018
63,25 New Chardon Street (207),25 New Chardon St,Office,302622000,2014,129338,45,"[2014, 2015, 2016, 2017, 2018]",[ 63.4  92.   86.7  97.7 101.1],53.89,-59,79.18,1056.39,4,No,50,2018
65,One Bulfinch,30 Hawkins St,Office,302624000,2014,82876,Not Available,"[2014, 2015, 2016, 2017, 2018]",[265.6 259.5 293.1  75.9 262.5],225.76,1,79.18,3390.91,1,No,50,2018
74,11 Beacon,9-11 Beacon St,Office,302804000,2014,146388,82,"[2014, 2015, 2016, 2017, 2018]",[85.2 78.9 79.9 72.6 74.4],72.42,12,79.18,1866.15,1,No,50,2018
78,27 School Street,23-29 School St,Office,302864000,2014,56742,70,"[2014, 2015, 2016, 2017, 2018]",[60.3 55.3 58.  51.4 57.2],51.26,5,79.18,511.88,1,No,50,2018
83,One Washington Mall,1-1 Washington St,Office,302890000,2014,156169,85,"[2014, 2015, 2016, 2017, 2018]",[76.5 74.3  nan  nan 65.5],65.02,14,79.18,1787.66,1,No,50,2018
84,"55 Court, LLC",25-55 Court St,Office,302892000,2014,49591,Not Available,"[2014, 2015, 2016, 2017, 2018]",[112.  103.7   5.8  38.9 114.7],95.2,-2,79.18,828.32,4,No,50,2018
88,Harbor Garage,70 E India Row,Parking,302995000,2014,364500,Not Available,"[2014, 2015, 2016, 2017, 2018]",[11.2 10.8 11.5 14.8 11.3],9.52,0,11.0,608.63,2,No,50,2018
108,15 Broad st,15-19 Broad St,Office,303836000,2014,83845,80,"[2014, 2015, 2016, 2017, 2018]",[75.1 86.4 66.2 71.8 74.4],63.83,0,79.18,980.23,1,No,50,2018
110,53 State Street,43-65 State St,Office,303870000,2014,1340916,83,"[2014, 2015, 2016, 2017, 2018]",[55.5 58.2 51.8 48.  51.7],47.18,6,79.18,10981.86,1,No,50,2018
114,10 PO Square,10 Post Office Sq,Office,303880000,2014,438392,80,"[2014, 2015, 2016, 2017, 2018]",[44.6 46.3 59.7 73.8 74.3],37.91,-66,79.18,2707.11,4,No,50,2018
117,10 Milk Street,280-300 Washington St,Office,303907000,2014,225294,84,"[2014, 2015, 2016, 2017, 2018]",[58.3 60.1 63.6 65.2 66.1],49.56,-13,79.18,1966.01,4,No,50,2018
127,Hilton Boston Downtown/Faneuil Hall,89 Broad St,Hotel,304029000,2014,338757,Not Available,"[2014, 2015, 2016, 2017, 2018]",[131.8 121.7 118.1 121.5 118. ],112.03,10,95.44,6054.7,2,No,50,2018
142,BE Realty,133 Federal St,Mixed Use,304206000,2014,127689,32,"[2014, 2015, 2016, 2017, 2018]",[135.5 141.7 133.  121.3 116.7],115.18,13,105.64,2590.43,1,No,50,2018
146,175 Federal Street,175 Federal St,Office,304231000,2014,227365,53,"[2014, 2015, 2016, 2017, 2018]",[57.3 61.  63.2 66.5 62.7],48.7,-9,79.18,1949.54,4,No,50,2018
147,99 Bedford Street,99 Bedford St,Office,304245000,2014,93779,78,"[2014, 2015, 2016, 2017, 2018]",[71.3 71.1 69.  69.5 65.8],60.6,7,79.18,1000.87,1,No,50,2018
157,176 Federal Street,265 Purchase St,Office,304379000,2014,76323,Not Available,"[2014, 2015, 2016, 2017, 2018]",[ 89.3 103.8   nan  93.1 105.2],75.9,-17,79.18,1020.78,4,No,50,2018
159,211 Congress Street,209-217 Congress St,Office,304398000,2014,78881,52,"[2014, 2015, 2016, 2017, 2018]",[71.2 75.9 79.4 77.6 89.5],60.52,-25,79.18,841.12,4,No,50,2018
166,99 Chauncy Street,21-29 Harrison Avenue Ext,Office,304504000,2014,108106,85,"[2014, 2015, 2016, 2017, 2018]",[59.  54.6 46.1 52.6 59.3],50.15,0,79.18,954.04,1,No,50,2018
168,Road Scholar,11 Avenue De Lafayette,Office,304511000,2014,60000,76,"[2014, 2015, 2016, 2017, 2018]",[60.5 52.3 47.9 48.6 48.7],51.42,19,79.18,525.27,1,No,50,2018
175,101 Summer Street,101-103 Summer St,Office,304578000,2014,48905,64,"[2014, 2015, 2016, 2017, 2018]",[96.6 92.1 73.8 78.  64.3],82.11,33,79.18,707.26,1,No,50,2018
177,St. Anthony Shrine,114-90 Arch St,Worship Facility,304608000,2014,126573,Not Available,"[2014, 2015, 2016, 2017, 2018]",[70.  65.5 41.7 61.9 68.3],59.5,2,61.8,1325.45,1,No,50,2018
181,33 Arch Street,33 ARCH ST,Office,304643020,2014,1048403,76,"[2014, 2015, 2016, 2017, 2018]",[76.8 71.  66.3 61.1 57.9],65.28,24,79.18,6939.3,1,No,50,2018
185,100 Franklin Street,201 Devonshire St,Office,304666000,2014,124055,75,"[2014, 2015, 2016, 2017, 2018]",[84.9 87.2 58.7 55.4 60.6],72.17,28,79.18,1200.59,1,No,50,2018
186,One Federal St,1 Federal St,Office,304668000,2014,1196061,54,"[2014, 2015, 2016, 2017, 2018]",[100.3   nan 105.9  95.4  99.9],85.26,0,79.18,16790.61,1,No,50,2018
198,101 Tremont,59-75 Bromfield St,Office,304717000,2014,80344,Not Available,"[2014, 2015, 2016, 2017, 2018]",[28.3 41.5 64.5 65.2 64.3],24.06,-127,79.18,340.44,4,No,50,2018
205,141 tremont street,141 Tremont St,Office,304800000,2014,64884,36,"[2014, 2015, 2016, 2017, 2018]",[84.4 87.1 75.6 71.7 82.8],71.74,1,79.18,819.91,1,No,50,2018
210,Mason Place: 80 Mason St,19 Avery St,Multifamily Housing,304838000,2014,134915,82,"[2014, 2015, 2016, 2017, 2018]",[66.2 65.2 64.3 65.1 63.1],56.27,4,89.81,1337.53,1,No,50,2018
214,178-179 Tremont Street,178-179 Tremont St,Office,304884000,2014,50600,49,"[2014, 2015, 2016, 2017, 2018]",[116.7 124.4 118.1 106.  119. ],99.2,-1,79.18,884.22,4,No,50,2018
224,75 Kneeland St,40-42 Tyler St,Office,305237000,2014,226320,47,"[2014, 2015, 2016, 2017, 2018]",[ 93.7 105.7  97.6  96.1 101.9],79.64,-8,79.18,3175.42,4,No,50,2018
232,745 Atlantic Ave,745 Atlantic Ave,Office,305355000,2014,243801,97,"[2014, 2015, 2016, 2017, 2018]",[46.  75.8 86.7 84.  47.9],39.1,-4,79.18,1337.37,4,No,50,2018
234,35 Kneeland Street,35 Kneeland St,Medical Office,305367000,2014,2133360,90,"[2014, 2015, 2016, 2017, 2018]",[126.9 118.1 115.3   nan 162.8],107.86,-28,175.96,2190.19,4,No,50,2018
236,B001-Dental,704-780 Washington St,College/University,305380000,2014,330486,Not Available,"[2014, 2015, 2016, 2017, 2018]",[284.1 260.  265.  254.4 266.9],241.48,6,123.87,14057.34,1,No,50,2018
